,work_id,fable_name,mattr_10,mattr_50,ttr,length,mean_sentence_length,mean_token_length,VERB,PRON,ADV,NOUN,ADJ,ADP,DET,PUNCT,AUX,CCONJ,NUM,SCONJ,INTJ,X,PROPN,PART
0,tlg0561.tlg001,Daphnis and Chloe - Phatta or the wood pigeon (1.27),0.8897727272727274,0.6483823529411764,0.5243243243243243,185,16.818181818181817,4.248648648648649,0.15675675675675677,0.032432432432432434,0.11351351351351352,0.22702702702702704,0.07567567567567568,0.02702702702702703,0.12432432432432433,0.15135135135135136,0.010810810810810811,0.06486486486486487,0.005405405405405406,0.010810810810810811,,,,
1,tlg0561.tlg001,Daphnis and Chloe - Echo (3.22-23),0.8915989159891599,0.6875987841945289,0.46296296296296297,378,18.0,4.2407407407407405,0.164021164021164,0.0291005291005291,0.10582010582010581,0.2037037037037037,0.0873015873015873,0.037037037037037035,0.12433862433862433,0.16137566137566137,0.007936507936507936,0.0582010582010582,0.005291005291005291,0.013227513227513227,0.0026455026455026454,,,
2,tlg0561.tlg001,Daphnis and Chloe - Syrinx (2.32-35),0.9134130146082339,0.7250490883590464,0.421259842519685,762,12.290322580645162,4.503937007874016,0.17979002624671916,0.03280839895013123,0.10498687664041995,0.20866141732283464,0.0984251968503937,0.031496062992125984,0.12335958005249344,0.15223097112860892,0.010498687664041995,0.047244094488188976,,0.010498687664041995,,,,
3,NA28-041MRK,Mark 4 - The Sower,0.8699004975124379,0.5949723756906077,0.29683698296836986,411,11.108108108108109,4.2725060827250605,0.18248175182481752,0.06569343065693431,0.08029197080291971,0.12408759124087591,0.0535279805352798,0.0681265206812652,0.13381995133819952,0.15328467153284672,0.0170316301703163,0.0851581508515815,0.0170316301703163,0.0170316301703163,0.0024330900243309003,,,
4,NA28-041MRK,Mark 12 - The Wicked Tenants ,0.9055299539170509,0.6210169491525424,0.415929203539823,226,7.0625,4.70353982300885,0.19911504424778761,0.10176991150442478,0.061946902654867256,0.14601769911504425,0.05752212389380531,0.05309734513274336,0.07964601769911504,0.19469026548672566,0.01327433628318584,0.07079646017699115,,0.017699115044247787,0.004424778761061947,,,
5,NA28-042LUK,Luke 18 - The Widow and the Unjust Judge,0.9342105263157895,0.6975,0.4472049689440994,161,10.0625,4.024844720496894,0.17391304347826086,0.09937888198757763,0.11801242236024845,0.16770186335403728,0.031055900621118012,0.08074534161490683,0.11801242236024845,0.14285714285714285,0.012422360248447204,0.037267080745341616,,0.018633540372670808,,,,
6,NA28-042LUK,"Luke 4 - Doctor, cure yourself",0.9246006389776359,0.6900366300366301,0.43167701863354035,322,10.0625,4.366459627329193,0.15527950310559005,0.09006211180124224,0.062111801242236024,0.16149068322981366,0.06521739130434782,0.09937888198757763,0.10248447204968944,0.15527950310559005,0.024844720496894408,0.043478260869565216,0.003105590062111801,0.015527950310559006,0.003105590062111801,0.003105590062111801,0.015527950310559006,
7,NA28-042LUK,Luke 16 - The Dishonest Manager,0.9208469055374594,0.6367790262172285,0.3670886075949367,316,8.31578947368421,4.1613924050632916,0.17088607594936708,0.10443037974683544,0.08860759493670886,0.11708860759493671,0.10443037974683544,0.05379746835443038,0.12341772151898735,0.16772151898734178,0.012658227848101266,0.028481012658227847,0.0031645569620253164,0.02531645569620253,,,,
8,NA28-042LUK,Luke 16 - The Barren Fig Tree,0.9741935483870968,0.6916981132075473,0.5392156862745098,102,10.2,3.715686274509804,0.19607843137254902,0.09803921568627451,0.13725490196078433,0.12745098039215685,0.029411764705882353,0.058823529411764705,0.0784313725490196,0.17647058823529413,,0.0392156862745098,0.00980392156862745,0.0392156862745098,0.00980392156862745,,,
9,NA28-042LUK,Luke 12 - The Rich Fool,0.9281818181818184,0.6302857142857143,0.5126050420168067,119,7.933333333333334,3.80672268907563,0.21008403361344538,0.11764705882352941,0.08403361344537816,0.1092436974789916,0.08403361344537816,0.04201680672268908,0.08403361344537816,0.21008403361344538,0.008403361344537815,0.04201680672268908,,0.008403361344537815,,,,
10,NA28-042LUK,Luke 21 - The Fig Tree,0.9367647058823529,0.6991666666666667,0.5310344827586206,145,9.666666666666666,4.358620689655172,0.1724137931034483,0.06896551724137931,0.10344827586206896,0.14482758620689656,0.06896551724137931,0.05517241379310345,0.1103448275862069,0.14482758620689656,0.013793103448275862,0.05517241379310345,,0.05517241379310345,0.006896551724137931,,,
11,NA28-042LUK,Luke 8 - The Parable of the Sower,0.8932944606413995,0.632079207920792,0.35795454545454547,352,10.057142857142857,4.139204545454546,0.19318181818181818,0.07102272727272728,0.09943181818181818,0.13920454545454544,0.048295454545454544,0.07386363636363637,0.13068181818181818,0.15625,0.019886363636363636,0.05397727272727273,,0.011363636363636364,,,,0.002840909090909091
12,NA28-042LUK,Luke 6 - Blind guiging a Blind,0.8888888888888888,0.6059677419354838,0.35353535353535354,297,11.0,4.296296296296297,0.15151515151515152,0.07744107744107744,0.09764309764309764,0.18518518518518517,0.08417508417508418,0.06397306397306397,0.13804713804713806,0.1414141414141414,0.020202020202020204,0.04040404040404041,,,,,,
13,NA28-042LUK,Luke 19 - The Ten Pounds,0.9411411411411414,0.6679863481228668,0.347953216374269,342,8.341463414634147,4.12280701754386,0.2222222222222222,0.14035087719298245,0.09064327485380116,0.10818713450292397,0.049707602339181284,0.06140350877192982,0.07017543859649122,0.17543859649122806,0.008771929824561403,0.03216374269005848,0.017543859649122806,0.017543859649122806,0.0029239766081871343,,0.0029239766081871343,
14,NA28-042LUK,Luke 15 - The Lost Coin,0.9314814814814815,0.6914285714285714,0.6825396825396826,63,10.5,4.26984126984127,0.2222222222222222,0.06349206349206349,0.07936507936507936,0.15873015873015872,0.07936507936507936,0.031746031746031744,0.07936507936507936,0.15873015873015872,,0.047619047619047616,0.015873015873015872,0.047619047619047616,,0.015873015873015872,,
15,NA28-042LUK,Luke 12 - The Faithful and Unfaithful Slave,0.8986301369863013,0.6554761904761905,0.3953488372093023,301,14.333333333333334,4.01328903654485,0.16279069767441862,0.08305647840531562,0.07308970099667775,0.14950166112956811,0.06312292358803986,0.07641196013289037,0.11295681063122924,0.17275747508305647,0.006644518272425249,0.06312292358803986,0.019933554817275746,0.016611295681063124,,,,
16,NA28-042LUK,Luke 14 - The Great Dinner,0.9220095693779905,0.6284023668639054,0.44495412844036697,218,7.785714285714286,4.275229357798165,0.22477064220183487,0.10091743119266056,0.06880733944954129,0.13761467889908258,0.06880733944954129,0.027522935779816515,0.11009174311926606,0.1743119266055046,0.009174311926605505,0.05963302752293578,0.0045871559633027525,0.013761467889908258,,,,
17,NA28-042LUK,Luke 18 - The Pharisee and the Tax Collector,0.9194029850746268,0.687659574468085,0.4965034965034965,143,11.0,4.293706293706293,0.16783216783216784,0.09090909090909091,0.08391608391608392,0.11888111888111888,0.09090909090909091,0.055944055944055944,0.14685314685314685,0.17482517482517482,0.013986013986013986,0.03496503496503497,0.006993006993006993,0.013986013986013986,,,,
18,NA28-042LUK,Luke 20 - The Wicked Tenants,0.9316455696202535,0.6283248730964466,0.3943089430894309,246,8.2,4.548780487804878,0.2073170731707317,0.08943089430894309,0.08943089430894309,0.13821138211382114,0.06910569105691057,0.04878048780487805,0.12601626016260162,0.18292682926829268,0.008130081300813009,0.028455284552845527,,0.012195121951219513,,,,
19,NA28-042LUK,Luke 14 - Humility and Hospitality,0.9027624309392266,0.6242553191489362,0.4105263157894737,190,12.666666666666666,4.41578947368421,0.19473684210526315,0.11052631578947368,0.06842105263157895,0.08947368421052632,0.08947368421052632,0.05263157894736842,0.08421052631578947,0.18947368421052632,0.015789473684210527,0.06315789473684211,,0.042105263157894736,,,,
20,NA28-042LUK,Luke 5 - Old and New Garment,0.906896551724138,0.5591489361702128,0.4375,96,12.0,4.052083333333333,0.13541666666666666,0.041666666666666664,0.14583333333333334,0.13541666666666666,0.14583333333333334,0.0625,0.10416666666666667,0.15625,0.010416666666666666,0.03125,,0.03125,,,,
21,NA28-042LUK,Luke 16 - The Rich Man and Lazarus,0.9320557491289199,0.6565182186234817,0.4189189189189189,296,9.866666666666667,4.212837837837838,0.16891891891891891,0.08783783783783784,0.11486486486486487,0.14864864864864866,0.05405405405405406,0.07094594594594594,0.0945945945945946,0.17229729729729729,0.0033783783783783786,0.04391891891891892,0.0033783783783783786,0.033783783783783786,,,0.0033783783783783786,
22,NA28-042LUK,Luke 15 - The Prodigal Son,0.9282608695652175,0.6500952380952381,0.3326226012793177,469,10.659090909090908,4.121535181236673,0.18550106609808104,0.11513859275053305,0.0767590618336887,0.14712153518123666,0.05543710021321962,0.042643923240938165,0.10874200426439233,0.16631130063965885,0.019189765458422176,0.06396588486140725,0.0021321961620469083,0.014925373134328358,0.0021321961620469083,,,
23,NA28-042LUK,Luke 15 - The Lost Sheep,0.9366666666666668,0.6784,0.5656565656565656,99,14.142857142857142,4.474747474747475,0.20202020202020202,0.10101010101010101,0.050505050505050504,0.13131313131313133,0.04040404040404041,0.10101010101010101,0.1111111111111111,0.10101010101010101,0.010101010101010102,0.050505050505050504,0.0707070707070707,0.030303030303030304,,,,
24,tlg0532.tlg001,Leucippe and Clitophon - Conops or the gnat,0.9327505827505829,0.6882151589242054,0.3690888119953864,867,12.75,3.944636678200692,0.1637831603229527,0.0657439446366782,0.1580161476355248,0.15916955017301038,0.06228373702422145,0.02422145328719723,0.10380622837370242,0.1972318339100346,0.00922722029988466,0.04728950403690888,,0.008073817762399077,0.0011534025374855825,,,
25,tlg1765.tlg003,Life of Aesop - The Eagle and the Dung Beetle (ยง134),0.9212987012987014,0.6438840579710144,0.4086294416243655,394,16.416666666666668,3.8934010152284264,0.18527918781725888,0.048223350253807105,0.11928934010152284,0.16243654822335024,0.03299492385786802,0.03807106598984772,0.13451776649746192,0.23857868020304568,0.005076142131979695,0.017766497461928935,,0.015228426395939087,0.0025380710659898475,,,
26,tlg1765.tlg003,Life of Aesop - The Woman who had burried her Husband (ยง129),0.9422018348623855,0.6682022471910112,0.4669603524229075,227,12.61111111111111,3.7577092511013217,0.18061674008810572,0.0881057268722467,0.18502202643171806,0.11013215859030837,0.039647577092511016,0.01762114537444934,0.08370044052863436,0.2422907488986784,0.004405286343612335,0.030837004405286344,,0.013215859030837005,,,,0.004405286343612335
27,tlg1765.tlg003,Life of Aesop - The Farmer (ยง140),0.9456647398843931,0.7416541353383458,0.5824175824175825,182,20.22222222222222,4.054945054945055,0.15934065934065933,0.04945054945054945,0.1043956043956044,0.14285714285714285,0.08791208791208792,0.04945054945054945,0.07142857142857142,0.26373626373626374,,0.04395604395604396,,0.02197802197802198,0.005494505494505495,,,
28,tlg0614.tlg001,Babrius - 42) The Departure of a Well-Sated Guest,0.88974358974359,0.6852631578947368,0.6436781609195402,87,12.428571428571429,3.8850574712643677,0.16091954022988506,0.06896551724137931,0.12643678160919541,0.14942528735632185,0.05747126436781609,0.05747126436781609,0.12643678160919541,0.22988505747126436,,,,0.022988505747126436,,,,
29,tlg0614.tlg001,Babrius - 74) Man's Year,0.9250000000000003,0.6987096774193547,0.5433526011560693,173,10.176470588235293,4.132947976878612,0.15606936416184972,0.04046242774566474,0.07514450867052024,0.1907514450867052,0.08670520231213873,0.04046242774566474,0.10982658959537572,0.26011560693641617,0.011560693641618497,0.028901734104046242,,,,,,
30,tlg0614.tlg001,Babrius - 118) Close to the Law but Far from Justice,0.9489583333333332,0.7557142857142857,0.6571428571428571,105,11.666666666666666,4.4,0.13333333333333333,0.02857142857142857,0.13333333333333333,0.21904761904761905,0.10476190476190476,0.0380952380952381,0.047619047619047616,0.2571428571428571,0.009523809523809525,0.009523809523809525,0.009523809523809525,,0.009523809523809525,,,
31,tlg0614.tlg001,Babrius - 22) The Middle-Aged Man with Two Mistresses,0.9524590163934428,0.6882926829268292,0.6030534351145038,131,10.916666666666666,3.8702290076335877,0.1450381679389313,0.03816793893129771,0.1450381679389313,0.13740458015267176,0.1297709923664122,0.022900763358778626,0.06870229007633588,0.25190839694656486,0.015267175572519083,0.015267175572519083,0.007633587786259542,0.015267175572519083,,,,0.007633587786259542
32,tlg0614.tlg001,Babrius - 107) The Lion and the Mouse,0.9248062015503877,0.7348314606741574,0.6376811594202898,138,10.615384615384615,4.2898550724637685,0.1956521739130435,0.043478260869565216,0.043478260869565216,0.2318840579710145,0.06521739130434782,0.007246376811594203,0.057971014492753624,0.2898550724637681,0.014492753623188406,0.036231884057971016,,0.007246376811594203,,,,0.007246376811594203
33,tlg0614.tlg001,Babrius - 105) The Robber Robbed,0.9603174603174602,0.7200000000000001,0.6944444444444444,72,6.545454545454546,4.222222222222222,0.18055555555555555,0.041666666666666664,0.1388888888888889,0.1388888888888889,0.09722222222222222,0.05555555555555555,0.05555555555555555,0.25,,0.013888888888888888,,,0.013888888888888888,,,0.013888888888888888
34,tlg0614.tlg001,Babrius - 49) It Won't be Fortune's Fault,0.932394366197183,0.7483870967741931,0.7,80,7.2727272727272725,4.1,0.1875,0.075,0.0875,0.15,0.05,0.05,0.0625,0.275,,0.0625,,,,,,
35,tlg0614.tlg001,Babrius - 112) The Battle of the Bull and the Mouse,0.9285714285714286,0.6491891891891892,0.6046511627906976,86,9.555555555555555,3.8255813953488373,0.23255813953488372,0.011627906976744186,0.10465116279069768,0.12790697674418605,0.046511627906976744,0.023255813953488372,0.13953488372093023,0.26744186046511625,0.011627906976744186,0.023255813953488372,,0.011627906976744186,,,,
36,tlg0614.tlg001,Babrius - 75) Mistaken for a Physician,0.9500000000000001,0.7094805194805194,0.5369458128078818,203,8.826086956521738,3.9310344827586206,0.1921182266009852,0.054187192118226604,0.13793103448275862,0.10344827586206896,0.08866995073891626,0.024630541871921183,0.08374384236453201,0.26108374384236455,0.019704433497536946,0.029556650246305417,,0.0049261083743842365,,,,
37,tlg0614.tlg001,Babrius - 123) Whow Covets all Loses all,0.9349999999999999,0.76,0.7755102040816326,49,8.166666666666666,4.551020408163265,0.1836734693877551,0.04081632653061224,0.04081632653061224,0.16326530612244897,0.1836734693877551,0.02040816326530612,0.04081632653061224,0.2857142857142857,0.02040816326530612,,,,,,,0.02040816326530612
38,tlg0614.tlg001,Babrius - 99) Bonded Brotherhood,0.9921568627450981,0.7127272727272728,0.6833333333333333,60,8.571428571428571,3.8333333333333335,0.2,0.08333333333333333,0.08333333333333333,0.11666666666666667,0.06666666666666667,0.016666666666666666,0.06666666666666667,0.25,0.016666666666666666,0.08333333333333333,,,,,,0.016666666666666666
39,tlg0614.tlg001,Babrius - 28) The Toad who Tried to be as Big as an Ox,0.9626373626373629,0.7117647058823529,0.65,100,7.142857142857143,3.72,0.16,0.05,0.13,0.13,0.1,0.02,0.08,0.29,0.01,0.02,,0.01,,,,
40,tlg0614.tlg001,Babrius - 2) The Farmer who Lost his Mattock,0.95,0.7280851063829789,0.6083916083916084,143,8.9375,4.076923076923077,0.20279720279720279,0.055944055944055944,0.08391608391608392,0.14685314685314685,0.055944055944055944,0.013986013986013986,0.0979020979020979,0.27972027972027974,0.013986013986013986,0.027972027972027972,,0.013986013986013986,,,,0.006993006993006993
41,tlg0614.tlg001,Babrius - 43) Betrayed by the Source of his own Pride,0.9443661971830988,0.7262745098039214,0.6291390728476821,151,7.55,4.158940397350993,0.18543046357615894,0.039735099337748346,0.11258278145695365,0.15894039735099338,0.052980132450331126,0.033112582781456956,0.059602649006622516,0.304635761589404,,0.046357615894039736,,0.006622516556291391,,,,
42,tlg0614.tlg001,Babrius - 124) How the Fowler Served his Guest,0.9573964497041421,0.7665116279069768,0.5898876404494382,178,8.476190476190476,4.084269662921348,0.20224719101123595,0.07865168539325842,0.11235955056179775,0.1348314606741573,0.08426966292134831,0.028089887640449437,0.06179775280898876,0.2640449438202247,0.0056179775280898875,0.016853932584269662,,0.0056179775280898875,,,,0.0056179775280898875
43,tlg0614.tlg001,Babrius - 57) How the Arabs Got to be Liars,0.9063157894736844,0.709818181818182,0.6346153846153846,104,11.555555555555555,4.269230769230769,0.14423076923076922,0.038461538461538464,0.08653846153846154,0.21153846153846154,0.08653846153846154,0.038461538461538464,0.0673076923076923,0.25,0.019230769230769232,0.038461538461538464,,0.019230769230769232,,,,
44,tlg0614.tlg001,Babrius - 117) A Double Standard of Justice,0.9425925925925926,0.7544117647058823,0.6410256410256411,117,10.636363636363637,4.222222222222222,0.17094017094017094,0.05128205128205128,0.07692307692307693,0.1623931623931624,0.13675213675213677,0.017094017094017096,0.07692307692307693,0.26495726495726496,0.02564102564102564,0.017094017094017096,,,,,,
45,tlg0614.tlg001,Babrius - 128) The Dog and the Sheep,0.9656934306569344,0.7781443298969073,0.636986301369863,146,5.84,3.787671232876712,0.11643835616438356,0.08904109589041095,0.0821917808219178,0.14383561643835616,0.1095890410958904,0.0273972602739726,0.07534246575342465,0.2808219178082192,0.02054794520547945,0.0410958904109589,,0.00684931506849315,,,,0.00684931506849315
46,tlg0614.tlg001,Babrius - 37) The Old Bull and the Young Steer,0.9300000000000004,0.7125714285714286,0.6218487394957983,119,6.2631578947368425,3.7899159663865545,0.16806722689075632,0.025210084033613446,0.07563025210084033,0.2184873949579832,0.08403361344537816,0.03361344537815126,0.08403361344537816,0.25210084033613445,,0.05042016806722689,,0.008403361344537815,,,,
47,tlg0614.tlg001,Babrius - 4) The Fisherman and the Fish,0.9199999999999999,0.6573333333333333,0.65625,64,9.142857142857142,3.984375,0.140625,0.015625,0.09375,0.140625,0.125,0.03125,0.109375,0.296875,0.03125,0.015625,,,,,,
48,tlg0614.tlg001,Babrius - 9) The Fisherman with the Flute,0.9577981651376147,0.7597101449275363,0.6610169491525424,118,10.727272727272727,4.161016949152542,0.2288135593220339,0.0423728813559322,0.11864406779661017,0.11016949152542373,0.05084745762711865,0.03389830508474576,0.03389830508474576,0.2966101694915254,0.025423728813559324,0.03389830508474576,,0.00847457627118644,,,,0.01694915254237288
49,tlg0614.tlg001,Babrius - 126) Truth and Falsehood,0.9440860215053768,0.6950943396226414,0.5882352941176471,102,7.846153846153846,3.843137254901961,0.11764705882352941,0.0392156862745098,0.10784313725490197,0.17647058823529413,0.06862745098039216,0.058823529411764705,0.09803921568627451,0.2549019607843137,0.0392156862745098,0.0196078431372549,,0.0196078431372549,,,,
50,tlg0614.tlg001,Babrius - 5) The Fighting Cocks,0.9528089887640451,0.7089795918367348,0.6326530612244898,98,8.166666666666666,3.979591836734694,0.15306122448979592,0.04081632653061224,0.04081632653061224,0.14285714285714285,0.11224489795918367,0.04081632653061224,0.09183673469387756,0.2857142857142857,0.030612244897959183,0.04081632653061224,,,,,,0.02040816326530612
51,tlg0614.tlg001,Babrius - 23) Better Lose the Ox than Catch the Thief,0.9375,0.6785,0.6404494382022472,89,9.88888888888889,4.157303370786517,0.15730337078651685,0.011235955056179775,0.056179775280898875,0.23595505617977527,0.06741573033707865,0.033707865168539325,0.07865168539325842,0.30337078651685395,,0.011235955056179775,,0.02247191011235955,,,,0.02247191011235955
52,tlg0614.tlg001,Babrius - 53) Three True Statements,0.94625,0.6769999999999999,0.6179775280898876,89,6.846153846153846,3.853932584269663,0.14606741573033707,0.06741573033707865,0.07865168539325842,0.11235955056179775,0.06741573033707865,0.0449438202247191,0.056179775280898875,0.2696629213483146,0.011235955056179775,0.056179775280898875,0.011235955056179775,0.02247191011235955,0.033707865168539325,,,0.02247191011235955
53,tlg0614.tlg001,Babrius - 110) Always Ready to Go,0.9666666666666667,0.7625,0.7543859649122807,57,5.7,4.0701754385964914,0.19298245614035087,0.10526315789473684,0.08771929824561403,0.10526315789473684,0.07017543859649122,0.07017543859649122,0.07017543859649122,0.2631578947368421,0.017543859649122806,0.017543859649122806,,,,,,
54,tlg0614.tlg001,Babrius - 46) Too Many Friends,0.9588235294117647,0.772,0.6914893617021277,94,10.444444444444445,4.159574468085107,0.19148936170212766,0.031914893617021274,0.07446808510638298,0.1702127659574468,0.13829787234042554,0.031914893617021274,0.0425531914893617,0.2553191489361702,0.010638297872340425,0.031914893617021274,,0.010638297872340425,,,,0.010638297872340425
55,tlg0614.tlg001,Babrius - 63) Hero-Cult,0.9641666666666668,0.75175,0.6124031007751938,129,8.6,3.8294573643410854,0.16279069767441862,0.05426356589147287,0.13178294573643412,0.12403100775193798,0.13953488372093023,0.023255813953488372,0.023255813953488372,0.24806201550387597,0.007751937984496124,0.023255813953488372,,0.031007751937984496,,,,0.031007751937984496
56,tlg0614.tlg001,Babrius - 121) Unwelcome Solicitude,0.9266666666666664,0.684,0.6851851851851852,54,6.0,3.6666666666666665,0.2037037037037037,0.05555555555555555,0.14814814814814814,0.09259259259259259,0.07407407407407407,0.018518518518518517,0.07407407407407407,0.3148148148148148,,0.018518518518518517,,,,,,
57,tlg0614.tlg001,Babrius - 1) The Lion and the Bowman,0.9006493506493506,0.7152631578947368,0.5521472392638037,163,8.578947368421053,3.815950920245399,0.18404907975460122,0.049079754601226995,0.11042944785276074,0.13496932515337423,0.08588957055214724,0.018404907975460124,0.049079754601226995,0.31901840490797545,0.024539877300613498,0.018404907975460124,,0.006134969325153374,,,,
58,tlg0614.tlg001,Babrius - 109) Show me How,0.9456521739130431,0.6900000000000001,0.6545454545454545,55,7.857142857142857,3.6545454545454548,0.14545454545454545,0.01818181818181818,0.10909090909090909,0.2,0.10909090909090909,0.01818181818181818,0.09090909090909091,0.21818181818181817,,0.05454545454545454,,0.03636363636363636,,,,
59,tlg0614.tlg001,Babrius - 92) Interested only in the Tracks,0.9463157894736844,0.7276363636363635,0.6538461538461539,104,13.0,3.9134615384615383,0.18269230769230768,0.057692307692307696,0.1346153846153846,0.15384615384615385,0.0673076923076923,0.038461538461538464,0.057692307692307696,0.25,,0.038461538461538464,,0.019230769230769232,,,,
60,tlg0614.tlg001,Babrius - 122) Doctor Wolf,0.9285714285714286,0.7347368421052632,0.6196319018404908,163,8.15,3.8650306748466257,0.2085889570552147,0.049079754601226995,0.11042944785276074,0.147239263803681,0.08588957055214724,0.018404907975460124,0.03680981595092025,0.2883435582822086,,0.024539877300613498,,0.012269938650306749,0.006134969325153374,,,0.012269938650306749
61,tlg0614.tlg001,Babrius - 88) How the Lark Knew When to Leave,0.9259668508287294,0.7259574468085105,0.5368421052631579,190,9.5,3.8263157894736843,0.16842105263157894,0.042105263157894736,0.1368421052631579,0.16842105263157894,0.06842105263157895,0.021052631578947368,0.07368421052631578,0.26842105263157895,0.015789473684210527,0.02631578947368421,,0.005263157894736842,,,,0.005263157894736842
62,tlg0614.tlg001,Babrius - 3) The Goat and the Goatherd,0.9130841121495329,0.6626865671641792,0.6206896551724138,116,14.5,3.5775862068965516,0.16379310344827586,0.034482758620689655,0.0603448275862069,0.1724137931034483,0.05172413793103448,0.034482758620689655,0.07758620689655173,0.3275862068965517,,0.04310344827586207,,0.017241379310344827,,,,0.017241379310344827
63,tlg0614.tlg001,Babrius - 39) Mediation ร la Mode,0.9624999999999999,0.44,0.88,25,6.25,5.04,0.2,0.08,0.08,0.24,0.04,0.04,,0.24,0.04,,,0.04,,,,
64,tlg0614.tlg001,Babrius - 76) The Knight and his Horse,0.9519774011299436,0.7721167883211679,0.6129032258064516,186,13.285714285714286,4.220430107526882,0.1827956989247312,0.016129032258064516,0.0913978494623656,0.1935483870967742,0.06989247311827956,0.043010752688172046,0.05913978494623656,0.27419354838709675,0.005376344086021506,0.026881720430107527,,0.010752688172043012,,,,0.026881720430107527
65,tlg0614.tlg001,Babrius - 19) The Fox and the Grapes,0.9507042253521126,0.7612903225806452,0.7375,80,8.88888888888889,4.4,0.1875,0.0125,0.1375,0.15,0.125,0.05,0.0625,0.25,0.0125,0.0125,,,,,,
66,tlg0614.tlg001,Babrius - 89) The Wolf and the Lamb,0.9552,0.6741176470588236,0.5671641791044776,134,6.380952380952381,3.4925373134328357,0.14925373134328357,0.08208955223880597,0.1791044776119403,0.11940298507462686,0.06716417910447761,0.007462686567164179,0.029850746268656716,0.3208955223880597,0.007462686567164179,0.022388059701492536,,0.007462686567164179,,,,0.007462686567164179
67,tlg0614.tlg001,Babrius - 65) Crane and Peacock,0.8934426229508196,0.6961904761904764,0.6857142857142857,70,11.666666666666666,3.857142857142857,0.15714285714285714,0.08571428571428572,0.11428571428571428,0.12857142857142856,0.08571428571428572,0.02857142857142857,0.02857142857142857,0.3142857142857143,0.014285714285714285,0.04285714285714286,,,,,,
68,tlg0614.tlg001,Babrius - 26) The Farmer and the Cranes,0.9333333333333333,0.6797297297297297,0.6260162601626016,123,8.2,4.056910569105691,0.18699186991869918,0.04065040650406504,0.08943089430894309,0.16260162601626016,0.04878048780487805,0.032520325203252036,0.0975609756097561,0.2845528455284553,0.008130081300813009,0.016260162601626018,,0.032520325203252036,,,,
69,tlg0614.tlg001,Babrius - 45) The Outcome of a Foreign Investment,0.9401639344262297,0.6941463414634147,0.5877862595419847,131,9.357142857142858,4.137404580152672,0.183206106870229,0.06870229007633588,0.05343511450381679,0.1450381679389313,0.1450381679389313,0.03816793893129771,0.05343511450381679,0.2824427480916031,,0.007633587786259542,,0.007633587786259542,,,,0.015267175572519083
70,tlg0614.tlg001,Babrius - 114) The Boasting Lamp,0.9328125000000002,0.7391666666666667,0.7123287671232876,73,10.428571428571429,4.410958904109589,0.1917808219178082,0.0410958904109589,0.1095890410958904,0.1780821917808219,0.0958904109589041,0.0410958904109589,0.0821917808219178,0.2328767123287671,0.0136986301369863,0.0136986301369863,,,,,,
71,tlg0614.tlg001,Babrius - 33) Outwitting the Birds,0.9064220183486239,0.6553932584269663,0.4845814977973568,227,9.08,3.7048458149779737,0.15418502202643172,0.048458149779735685,0.06607929515418502,0.2026431718061674,0.048458149779735685,0.01762114537444934,0.0881057268722467,0.31277533039647576,0.004405286343612335,0.022026431718061675,,0.013215859030837005,0.004405286343612335,,,0.01762114537444934
72,tlg0614.tlg001,Babrius - 66) The Two Wallets,0.9396551724137931,0.6566666666666667,0.6268656716417911,67,22.333333333333332,3.91044776119403,0.13432835820895522,0.05970149253731343,0.08955223880597014,0.14925373134328357,0.07462686567164178,0.04477611940298507,0.08955223880597014,0.23880597014925373,0.029850746268656716,0.04477611940298507,0.014925373134328358,,,,,0.029850746268656716
73,tlg0614.tlg001,Babrius - 84) The Gnat on the Bull's Horn,0.9773809523809525,0.7772727272727273,0.7419354838709677,93,9.3,4.032258064516129,0.16129032258064516,0.053763440860215055,0.12903225806451613,0.11827956989247312,0.11827956989247312,0.010752688172043012,0.053763440860215055,0.2903225806451613,0.021505376344086023,0.021505376344086023,,0.021505376344086023,,,,
74,tlg0614.tlg001,Babrius - 32) The Weasel as Bride,0.9187500000000002,0.7110714285714286,0.6476190476190476,105,11.666666666666666,4.0095238095238095,0.22857142857142856,0.0380952380952381,0.0761904761904762,0.19047619047619047,0.047619047619047616,0.01904761904761905,0.10476190476190476,0.2571428571428571,,0.02857142857142857,,0.009523809523809525,,,,
75,tlg0614.tlg001,Babrius - 69) Not Running for his Life,0.9444444444444444,0.688,0.6851851851851852,54,9.0,3.7777777777777777,0.24074074074074073,0.07407407407407407,0.14814814814814814,0.1111111111111111,0.05555555555555555,0.018518518518518517,0.037037037037037035,0.3148148148148148,,,,,,,,
76,tlg0614.tlg001,Babrius - 25) Why the Hares Refrained from Suicide,0.936923076923077,0.7352000000000001,0.7162162162162162,74,12.333333333333334,4.27027027027027,0.17567567567567569,0.04054054054054054,0.0945945945945946,0.12162162162162163,0.13513513513513514,0.04054054054054054,,0.28378378378378377,0.02702702702702703,0.05405405405405406,,,,0.013513513513513514,,0.013513513513513514
77,tlg0614.tlg001,Babrius - 104) Distinguished but not Honoured,0.9276315789473685,0.738888888888889,0.6823529411764706,85,9.444444444444445,3.9176470588235293,0.15294117647058825,0.058823529411764705,0.10588235294117647,0.21176470588235294,0.03529411764705882,0.023529411764705882,0.08235294117647059,0.27058823529411763,0.011764705882352941,0.011764705882352941,,0.011764705882352941,0.011764705882352941,,,0.011764705882352941
78,tlg0614.tlg001,Babrius - 72) Borrowed Plumage,0.9426605504587156,0.7042696629213483,0.5814977973568282,227,8.107142857142858,4.026431718061674,0.13656387665198239,0.02643171806167401,0.07488986784140969,0.20704845814977973,0.12334801762114538,0.01762114537444934,0.05286343612334802,0.29515418502202645,,0.05286343612334802,,0.00881057268722467,0.004405286343612335,,,
79,tlg0614.tlg001,Babrius - 41) Overextended,0.9333333333333333,0.46,0.8518518518518519,27,9.0,4.592592592592593,0.25925925925925924,0.07407407407407407,0.037037037037037035,0.14814814814814814,0.1111111111111111,0.037037037037037035,0.037037037037037035,0.25925925925925924,,,,0.037037037037037035,,,,
80,tlg0614.tlg001,Babrius - 78) No Use Praying for a Robber,0.9228070175438596,0.6635294117647059,0.6515151515151515,66,6.6,3.727272727272727,0.18181818181818182,0.09090909090909091,0.10606060606060606,0.16666666666666666,0.045454545454545456,0.045454545454545456,0.06060606060606061,0.25757575757575757,,0.045454545454545456,,,,,,
81,tlg0614.tlg001,Babrius - 68) A Contest in Archery,0.946,0.7123333333333333,0.5963302752293578,109,12.11111111111111,3.614678899082569,0.1834862385321101,0.01834862385321101,0.1559633027522936,0.21100917431192662,0.045871559633027525,0.027522935779816515,0.05504587155963303,0.26605504587155965,0.009174311926605505,0.027522935779816515,,,,,,
82,tlg0614.tlg001,Babrius - 85) The Heterogenous Dogs,0.9222857142857145,0.650962962962963,0.5217391304347826,184,8.761904761904763,3.6847826086956523,0.11413043478260869,0.03804347826086957,0.13043478260869565,0.11956521739130435,0.11956521739130435,0.021739130434782608,0.07608695652173914,0.33152173913043476,0.016304347826086956,0.02717391304347826,,0.005434782608695652,,,,
83,tlg0614.tlg001,Babrius - 12) The Nightingale and the Swallow,0.9500000000000002,0.7687500000000002,0.5809128630705395,241,7.303030303030303,4.045643153526971,0.13278008298755187,0.07883817427385892,0.06224066390041494,0.17012448132780084,0.1078838174273859,0.029045643153526972,0.04149377593360996,0.29045643153526973,0.012448132780082987,0.04564315352697095,,0.004149377593360996,,,,0.024896265560165973
84,tlg0614.tlg001,Babrius - 55) An Unwelcome Partner,0.925531914893617,0.6514285714285715,0.625,56,8.0,3.517857142857143,0.17857142857142858,0.08928571428571429,0.17857142857142858,0.16071428571428573,,0.017857142857142856,0.08928571428571429,0.23214285714285715,,0.05357142857142857,,,,,,
85,tlg0614.tlg001,Babrius - 86) Delfation Necessary,0.931578947368421,0.7145454545454546,0.6442307692307693,104,8.666666666666666,4.163461538461538,0.19230769230769232,,0.057692307692307696,0.17307692307692307,0.125,0.028846153846153848,0.07692307692307693,0.2980769230769231,,0.019230769230769232,,0.028846153846153848,,,,
86,tlg0614.tlg001,Babrius - 94) Dr. Heron's Fire,0.9527777777777777,0.69125,0.6419753086419753,81,8.1,3.925925925925926,0.20987654320987653,0.04938271604938271,0.1111111111111111,0.19753086419753085,0.08641975308641975,,0.06172839506172839,0.25925925925925924,,0.012345679012345678,,0.012345679012345678,,,,
87,tlg0614.tlg001,Babrius - 20) Heracles and the Ox-Driver,0.9311475409836065,0.6647619047619048,0.6285714285714286,70,10.0,3.7142857142857144,0.2,0.02857142857142857,0.05714285714285714,0.15714285714285714,0.08571428571428572,0.02857142857142857,0.07142857142857142,0.3142857142857143,,0.04285714285714286,,0.014285714285714285,,,,
88,tlg0614.tlg001,Babrius - 54) Yes and No,0.93,0.6880000000000001,0.6610169491525424,59,9.833333333333334,3.559322033898305,0.1864406779661017,,0.11864406779661017,0.15254237288135594,0.03389830508474576,0.06779661016949153,0.0847457627118644,0.2542372881355932,,0.03389830508474576,,0.05084745762711865,,,,0.01694915254237288
89,tlg0614.tlg001,Babrius - 73) How the Kite Lost his Voice,0.8787878787878788,0.58,0.6904761904761905,42,8.4,4.4523809523809526,0.19047619047619047,,0.09523809523809523,0.11904761904761904,0.14285714285714285,0.023809523809523808,0.14285714285714285,0.23809523809523808,,0.047619047619047616,,,,,,
90,tlg0614.tlg001,Babrius - 56) A Beauty Contest,0.9554054054054056,0.6870588235294117,0.5903614457831325,83,6.384615384615385,3.5180722891566263,0.13253012048192772,0.04819277108433735,0.08433734939759036,0.14457831325301204,0.18072289156626506,,0.08433734939759036,0.2891566265060241,0.012048192771084338,,,,,,,0.024096385542168676
91,tlg0614.tlg001,Babrius - 11) The Fire-Bearing Fox,0.9305263157894741,0.7043636363636363,0.6538461538461539,104,7.428571428571429,4.153846153846154,0.18269230769230768,0.057692307692307696,0.038461538461538464,0.20192307692307693,0.08653846153846154,0.019230769230769232,0.08653846153846154,0.2692307692307692,0.028846153846153848,0.028846153846153848,,,,,,
92,tlg0614.tlg001,Babrius - 52) One Toils and Another Complains,0.9493975903614459,0.7651162790697674,0.6847826086956522,92,10.222222222222221,4.163043478260869,0.18478260869565216,0.07608695652173914,0.08695652173913043,0.14130434782608695,0.08695652173913043,0.03260869565217391,0.05434782608695652,0.2717391304347826,0.010869565217391304,0.021739130434782608,,0.010869565217391304,0.010869565217391304,,,0.010869565217391304
93,tlg0614.tlg001,Babrius - 61) Custom Stales,0.9521739130434783,0.6826923076923077,0.6336633663366337,101,9.181818181818182,3.900990099009901,0.16831683168316833,0.0594059405940594,0.12871287128712872,0.12871287128712872,0.09900990099009901,0.009900990099009901,0.0891089108910891,0.297029702970297,,0.009900990099009901,,0.009900990099009901,,,,
94,tlg0614.tlg001,Babrius - 97) Suspicious Hospitality,0.9252252252252254,0.699154929577465,0.6,120,9.23076923076923,4.0,0.18333333333333332,0.03333333333333333,0.08333333333333333,0.16666666666666666,0.08333333333333333,0.041666666666666664,0.09166666666666666,0.26666666666666666,0.008333333333333333,0.03333333333333333,,0.008333333333333333,,,,
95,tlg0614.tlg001,Babrius - 60) Surfeited at Last,0.9636363636363636,0.812,0.796875,64,7.111111111111111,4.21875,0.21875,0.03125,0.09375,0.140625,0.109375,0.03125,0.046875,0.21875,0.015625,0.0625,,0.03125,,,,
96,tlg0614.tlg001,Babrius - 44) Divide and Conquer,0.9538461538461539,0.735,0.7049180327868853,61,12.2,4.360655737704918,0.21311475409836064,0.08196721311475409,0.13114754098360656,0.08196721311475409,0.13114754098360656,,0.01639344262295082,0.3114754098360656,,0.01639344262295082,,0.01639344262295082,,,,
97,tlg0614.tlg001,Babrius - 24) The Frogs at the Sun's Wedding,0.9716216216216217,0.7976470588235294,0.7349397590361446,83,16.6,3.8313253012048194,0.13253012048192772,0.08433734939759036,0.13253012048192772,0.18072289156626506,0.10843373493975904,,0.04819277108433735,0.25301204819277107,0.024096385542168676,0.024096385542168676,,0.012048192771084338,,,,
98,tlg0614.tlg001,Babrius - 125) A Donkey on the Tiles,0.9174603174603173,0.6469565217391305,0.6111111111111112,72,18.0,3.763888888888889,0.16666666666666666,0.08333333333333333,0.09722222222222222,0.1527777777777778,0.041666666666666664,0.041666666666666664,0.1111111111111111,0.2361111111111111,,0.05555555555555555,,,,,,0.013888888888888888
99,tlg0614.tlg001,Babrius - 102) Once in Utopia,0.9563106796116506,0.7257142857142859,0.6428571428571429,112,8.0,3.7410714285714284,0.11607142857142858,0.044642857142857144,0.125,0.20535714285714285,0.11607142857142858,0.017857142857142856,0.07142857142857142,0.26785714285714285,,0.03571428571428571,,,,,,
100,tlg0614.tlg001,Babrius - 21) The Oxen and the Butchers,0.9376146788990827,0.775072463768116,0.6949152542372882,118,11.8,4.186440677966102,0.19491525423728814,0.059322033898305086,0.07627118644067797,0.1694915254237288,0.06779661016949153,0.0423728813559322,0.0423728813559322,0.2542372881355932,0.00847457627118644,0.05084745762711865,,0.01694915254237288,,,,0.01694915254237288
101,tlg0614.tlg001,Babrius - 8) The Arab and His Camel,0.9171428571428571,0.66,0.75,44,7.333333333333333,4.318181818181818,0.18181818181818182,,0.13636363636363635,0.1590909090909091,0.09090909090909091,0.045454545454545456,0.11363636363636363,0.2727272727272727,,,,,,,,
102,tlg0614.tlg001,Babrius - 119) How Hermes Bestowed a Treasure,0.9514563106796118,0.7253968253968254,0.625,112,7.466666666666667,4.133928571428571,0.19642857142857142,0.08035714285714286,0.08928571428571429,0.14285714285714285,0.10714285714285714,0.017857142857142856,0.03571428571428571,0.2857142857142857,0.017857142857142856,0.026785714285714284,,,,,,
103,tlg0614.tlg001,Babrius - 96) Emboldened by Circumstance,0.9526315789473685,0.7164705882352941,0.696969696969697,66,6.6,4.166666666666667,0.16666666666666666,0.06060606060606061,0.09090909090909091,0.15151515151515152,0.10606060606060606,0.045454545454545456,0.09090909090909091,0.2727272727272727,,0.015151515151515152,,,,,,
104,tlg0614.tlg001,Babrius - 7) The Horse and the Ass,0.9299270072992702,0.6760824742268041,0.5616438356164384,146,7.684210526315789,3.671232876712329,0.19863013698630136,0.04794520547945205,0.04794520547945205,0.11643835616438356,0.0684931506849315,0.0136986301369863,0.0958904109589041,0.3082191780821918,,0.0273972602739726,,0.0136986301369863,0.00684931506849315,,,0.0547945205479452
105,tlg0614.tlg001,Babrius - 64) The Fir Tree and the Bramble,0.9256410256410259,0.6519480519480519,0.5634920634920635,126,12.6,4.253968253968254,0.11904761904761904,0.05555555555555555,0.10317460317460317,0.18253968253968253,0.10317460317460317,0.03968253968253968,0.09523809523809523,0.20634920634920634,0.015873015873015872,0.06349206349206349,,0.015873015873015872,,,,
106,tlg0614.tlg001,Babrius - 127) The Mills of the Gods Grind Slowly,0.7543478260869566,0.528076923076923,0.5346534653465347,101,7.214285714285714,3.396039603960396,0.13861386138613863,0.04950495049504951,0.0891089108910891,0.12871287128712872,0.04950495049504951,0.0297029702970297,0.07920792079207921,0.40594059405940597,0.009900990099009901,,,0.019801980198019802,,,,
107,tlg0614.tlg001,Babrius - 101) The Vainglorious Wolf,0.89875,0.647,0.5730337078651685,89,9.88888888888889,4.157303370786517,0.15730337078651685,0.0449438202247191,0.12359550561797752,0.15730337078651685,0.07865168539325842,0.056179775280898875,0.06741573033707865,0.2808988764044944,,0.033707865168539325,,,,,,
108,tlg0614.tlg001,Babrius - 71) The Sea,0.9512396694214877,0.7269135802469137,0.6384615384615384,130,10.833333333333334,3.953846153846154,0.12307692307692308,0.07692307692307693,0.11538461538461539,0.14615384615384616,0.15384615384615385,0.023076923076923078,0.06153846153846154,0.25384615384615383,0.007692307692307693,0.023076923076923078,,,0.015384615384615385,,,
109,tlg0614.tlg001,Babrius - 95) The Stag without a Heart,0.9435141509433963,0.7255198019801979,0.43757292882147025,857,7.262711864406779,3.9906651108518085,0.18903150525087514,0.056009334889148193,0.09218203033838973,0.14585764294049008,0.09918319719953325,0.021003500583430573,0.038506417736289385,0.30688448074679114,0.003500583430571762,0.030338389731621937,,0.005834305717619603,0.002333722287047841,,,0.009334889148191364
110,tlg0614.tlg001,Babrius - 18) The North Wind and the Sun,0.9395522388059702,0.7138297872340427,0.5804195804195804,143,15.88888888888889,4.104895104895105,0.2097902097902098,0.02097902097902098,0.08391608391608392,0.1958041958041958,0.07692307692307693,0.006993006993006993,0.07692307692307693,0.2727272727272727,0.006993006993006993,0.03496503496503497,,0.006993006993006993,,,,0.006993006993006993
111,tlg0614.tlg001,Babrius - 91) Temporarily Patient,0.8954545454545455,0.6346153846153846,0.6133333333333333,75,8.333333333333334,4.306666666666667,0.16,0.06666666666666667,0.05333333333333334,0.18666666666666668,0.06666666666666667,0.05333333333333334,0.09333333333333334,0.28,,0.04,,,,,,
112,tlg0614.tlg001,Babrius - 120) Physician Heal Thyself,0.9447368421052631,0.7233333333333332,0.6705882352941176,85,9.444444444444445,3.7294117647058824,0.15294117647058825,0.047058823529411764,0.11764705882352941,0.16470588235294117,0.11764705882352941,0.023529411764705882,0.058823529411764705,0.27058823529411763,0.023529411764705882,0.023529411764705882,,,,,,
113,tlg0614.tlg001,Babrius - 31) The Mice and their Generals,0.9505555555555557,0.7335714285714285,0.5978835978835979,189,10.5,4.243386243386244,0.13227513227513227,0.037037037037037035,0.12698412698412698,0.21164021164021163,0.07936507936507936,0.037037037037037035,0.0582010582010582,0.2751322751322751,0.005291005291005291,0.031746031746031744,,0.005291005291005291,,,,
114,tlg0614.tlg001,Babrius - 103) One-Way Traffic,0.9436464088397792,0.7218439716312057,0.6052631578947368,190,10.555555555555555,3.9105263157894736,0.18421052631578946,0.05789473684210526,0.12105263157894737,0.1368421052631579,0.1,,0.021052631578947368,0.3263157894736842,0.010526315789473684,0.021052631578947368,,0.010526315789473684,,,,0.010526315789473684
115,tlg0614.tlg001,Babrius - 50) Double-Crossed,0.9357843137254902,0.6698780487804877,0.49765258215962443,213,6.264705882352941,3.7699530516431925,0.20187793427230047,0.056338028169014086,0.12206572769953052,0.12206572769953052,0.051643192488262914,0.009389671361502348,0.07511737089201878,0.3192488262910798,,0.03755868544600939,,0.004694835680751174,,,,
116,tlg0614.tlg001,Babrius - 98) Disarmed by Love,0.9385057471264369,0.7277611940298508,0.6174863387978142,183,7.038461538461538,3.939890710382514,0.18579234972677597,0.07103825136612021,0.07650273224043716,0.18579234972677597,0.07650273224043716,0.02185792349726776,0.04371584699453552,0.2677595628415301,,0.04918032786885246,,0.01639344262295082,,,,0.00546448087431694
117,tlg0614.tlg001,Babrius - 77) The Fox and the Crow,0.9320754716981133,0.7172727272727272,0.6086956521739131,115,8.846153846153847,4.139130434782609,0.17391304347826086,0.02608695652173913,0.09565217391304348,0.25217391304347825,0.09565217391304348,,0.034782608695652174,0.2782608695652174,0.008695652173913044,0.017391304347826087,,,,,,0.017391304347826087
118,tlg0614.tlg001,Babrius - 115) Showing a Turtle how to Fly,0.9371428571428572,0.7187692307692307,0.631578947368421,114,8.142857142857142,3.692982456140351,0.14912280701754385,0.09649122807017543,0.14035087719298245,0.20175438596491227,0.043859649122807015,0.02631578947368421,0.02631578947368421,0.2719298245614035,0.008771929824561403,0.02631578947368421,,,,,,0.008771929824561403
119,tlg0614.tlg001,Babrius - 83) Undernourished,0.75,0.5968181818181819,0.5053763440860215,93,15.5,3.5376344086021505,0.1827956989247312,0.03225806451612903,0.043010752688172046,0.10752688172043011,0.08602150537634409,0.021505376344086023,0.11827956989247312,0.3870967741935484,,0.010752688172043012,,0.010752688172043012,,,,
120,tlg0614.tlg001,"Babrius - 51) Fleece Me, But Don't Flay Me",0.9514563106796118,0.7244444444444443,0.625,112,11.2,3.857142857142857,0.16071428571428573,0.07142857142857142,0.125,0.16071428571428573,0.05357142857142857,0.03571428571428571,0.07142857142857142,0.25892857142857145,0.008928571428571428,0.017857142857142856,,0.026785714285714284,,,,0.008928571428571428
121,tlg0614.tlg001,Babrius - 67) The Lion's Share,0.9474358974358978,0.7331578947368422,0.6666666666666666,87,7.25,3.781609195402299,0.14942528735632185,0.04597701149425287,0.10344827586206896,0.1839080459770115,0.12643678160919541,0.011494252873563218,0.04597701149425287,0.2413793103448276,0.022988505747126436,0.05747126436781609,,,,,,0.011494252873563218
122,tlg0614.tlg001,"Babrius - 87) Let it be Yea Yea, or Nay Nay",0.924561403508772,0.6564705882352941,0.6818181818181818,66,5.5,3.6818181818181817,0.21212121212121213,0.06060606060606061,0.07575757575757576,0.10606060606060606,0.09090909090909091,0.030303030303030304,0.015151515151515152,0.3333333333333333,0.045454545454545456,0.015151515151515152,,0.015151515151515152,,,,
123,tlg0614.tlg001,Babrius - 14) The Bear and the Fox,0.9764705882352942,0.66,0.7674418604651163,43,8.6,3.883720930232558,0.27906976744186046,0.06976744186046512,0.13953488372093023,0.06976744186046512,0.06976744186046512,0.023255813953488372,0.046511627906976744,0.20930232558139536,,,,0.046511627906976744,,,,0.046511627906976744
124,tlg0614.tlg001,Babrius - 82) Good Reason to be Alarmed,0.925,0.6847058823529412,0.6153846153846154,117,7.8,3.9401709401709404,0.19658119658119658,0.02564102564102564,0.09401709401709402,0.1452991452991453,0.07692307692307693,0.02564102564102564,0.10256410256410256,0.2564102564102564,0.017094017094017096,0.03418803418803419,,0.017094017094017096,0.008547008547008548,,,
125,tlg0614.tlg001,Babrius - 10) Aphrodite and the Slave Girl,0.9419047619047619,0.7206153846153845,0.631578947368421,114,7.6,3.9298245614035086,0.14912280701754385,0.06140350877192982,0.07017543859649122,0.13157894736842105,0.14035087719298245,0.008771929824561403,0.05263157894736842,0.2894736842105263,0.008771929824561403,0.07017543859649122,,0.008771929824561403,0.008771929824561403,,,
126,tlg0614.tlg001,Babrius - 40) The Rise of the Proletariat,0.9634146341463414,0.76,0.76,50,5.0,4.0,0.18,0.08,0.14,0.14,0.08,0.02,0.1,0.22,0.02,,,,,,,0.02
127,tlg0614.tlg001,Babrius - 38) The Unkindest Cut of All,0.9320987654320988,0.6595121951219513,0.5888888888888889,90,9.0,3.522222222222222,0.16666666666666666,0.1,0.1111111111111111,0.1111111111111111,0.1111111111111111,,0.05555555555555555,0.2777777777777778,,,,0.022222222222222223,,0.011111111111111112,,0.03333333333333333
128,tlg0614.tlg001,Babrius - 17) Cat as Fowler,0.9725490196078431,0.7781818181818182,0.75,60,5.454545454545454,4.733333333333333,0.2,0.06666666666666667,0.06666666666666667,0.18333333333333332,0.06666666666666667,0.03333333333333333,0.03333333333333333,0.3,,0.03333333333333333,,,,,,0.016666666666666666
129,tlg0614.tlg001,Babrius - 106) Deeply Worried about the Future,0.9469230769230771,0.7348181818181818,0.5390334572490706,269,9.962962962962964,3.9182156133828996,0.16356877323420074,0.03717472118959108,0.09665427509293681,0.17100371747211895,0.11524163568773234,0.007434944237918215,0.040892193308550186,0.29739776951672864,0.0037174721189591076,0.01858736059479554,,0.007434944237918215,0.007434944237918215,,,0.03345724907063197
130,tlg0614.tlg001,Babrius - 62) Only a Half-Breed,0.9466666666666667,0.6990000000000001,0.7101449275362319,69,7.666666666666667,4.173913043478261,0.17391304347826086,0.043478260869565216,0.057971014492753624,0.2028985507246377,0.07246376811594203,0.057971014492753624,0.057971014492753624,0.2318840579710145,0.028985507246376812,0.043478260869565216,,0.014492753623188406,,,,0.014492753623188406
131,tlg0614.tlg001,Babrius - 58) Hope,0.9614285714285714,0.6933333333333332,0.6329113924050633,79,7.181818181818182,4.025316455696203,0.20253164556962025,0.0759493670886076,0.06329113924050633,0.1518987341772152,0.08860759493670886,0.05063291139240506,0.0759493670886076,0.27848101265822783,0.012658227848101266,,,,,,,
132,tlg0614.tlg001,Babrius - 81) Nolo Contendre,0.9885245901639343,0.7752380952380953,0.7142857142857143,70,6.363636363636363,4.0285714285714285,0.2,0.02857142857142857,0.17142857142857143,0.14285714285714285,0.04285714285714286,0.014285714285714285,0.04285714285714286,0.2714285714285714,0.02857142857142857,0.02857142857142857,,0.02857142857142857,,,,
133,tlg0614.tlg001,Babrius - 13) The Farmer and the Stork,0.9198473282442748,0.6892307692307693,0.5928571428571429,140,9.333333333333334,3.9785714285714286,0.15714285714285714,0.07857142857142857,0.09285714285714286,0.15,0.08571428571428572,0.007142857142857143,0.05,0.3142857142857143,0.02142857142857143,0.02857142857142857,,0.007142857142857143,0.007142857142857143,,,
134,tlg0614.tlg001,Babrius - 47) Strength in Unity,0.9286624203821657,0.6974358974358976,0.5602409638554217,166,9.764705882352942,3.8313253012048194,0.12650602409638553,0.06626506024096386,0.14457831325301204,0.0963855421686747,0.12650602409638553,0.03614457831325301,0.060240963855421686,0.27710843373493976,0.024096385542168676,0.018072289156626505,,0.018072289156626505,0.006024096385542169,,,
135,tlg0614.tlg001,Babrius - 30) Hermes on Sale,0.9629629629629631,0.7112195121951219,0.6333333333333333,90,9.0,3.7111111111111112,0.15555555555555556,0.08888888888888889,0.13333333333333333,0.13333333333333333,0.044444444444444446,0.05555555555555555,0.05555555555555555,0.28888888888888886,0.011111111111111112,0.022222222222222223,,,,,,0.011111111111111112
136,tlg0614.tlg001,Babrius - 29) The Old Age of the Race Horse,0.9275,0.76,0.7755102040816326,49,8.166666666666666,3.979591836734694,0.16326530612244897,0.02040816326530612,0.02040816326530612,0.22448979591836735,0.08163265306122448,0.10204081632653061,0.08163265306122448,0.24489795918367346,,0.04081632653061224,,,,,,0.02040816326530612
137,tlg0614.tlg001,Babrius - 36) The Oak and the Reeds,0.9514563106796117,0.6968253968253967,0.6428571428571429,112,8.0,4.080357142857143,0.1875,0.044642857142857144,0.13392857142857142,0.16964285714285715,0.09821428571428571,0.008928571428571428,0.05357142857142857,0.25,0.008928571428571428,0.03571428571428571,,,,,,0.008928571428571428
138,tlg0614.tlg001,Babrius - 90) More Fearsome than Ever,0.981081081081081,0.78,0.8478260869565217,46,11.5,4.108695652173913,0.15217391304347827,0.10869565217391304,0.10869565217391304,0.17391304347826086,0.08695652173913043,0.06521739130434782,0.043478260869565216,0.1956521739130435,0.021739130434782608,0.043478260869565216,,,,,,
139,tlg0614.tlg001,Babrius - 70) War and his Bride,0.9172413793103449,0.6788888888888889,0.6417910447761194,67,8.375,3.9402985074626864,0.1791044776119403,0.05970149253731343,0.08955223880597014,0.14925373134328357,0.04477611940298507,,0.029850746268656716,0.3582089552238806,,0.04477611940298507,,0.029850746268656716,,,,0.014925373134328358
140,tlg0614.tlg001,Babrius - 59) Momus the Fault-Finder,0.9263513513513515,0.6590740740740744,0.5286624203821656,157,12.076923076923077,3.7961783439490446,0.12101910828025478,0.050955414012738856,0.10828025477707007,0.18471337579617833,0.07006369426751592,0.03184713375796178,0.10191082802547771,0.27388535031847133,0.006369426751592357,0.025477707006369428,,0.01910828025477707,,,,0.006369426751592357
141,tlg0614.tlg001,Babrius - 93) Peace by Surrender,0.9711538461538461,0.7693749999999999,0.6637168141592921,113,10.272727272727273,4.15929203539823,0.168141592920354,0.07964601769911504,0.12389380530973451,0.1415929203539823,0.09734513274336283,0.017699115044247787,0.05309734513274336,0.25663716814159293,0.008849557522123894,0.035398230088495575,,0.008849557522123894,,,,0.008849557522123894
142,tlg0614.tlg001,Babrius - 34) A Case of Indigestion,0.9187500000000001,0.7252777777777778,0.6363636363636364,121,5.761904761904762,3.8512396694214877,0.15702479338842976,0.06611570247933884,0.09090909090909091,0.18181818181818182,0.06611570247933884,0.04132231404958678,0.049586776859504134,0.30578512396694213,,0.01652892561983471,,0.008264462809917356,0.008264462809917356,,,0.008264462809917356
143,tlg0614.tlg001,Babrius - 108) The Country Mouse and the City Mouse,0.9407272727272729,0.7432340425531916,0.5704225352112676,284,11.36,4.140845070422535,0.18309859154929578,0.04929577464788732,0.06690140845070422,0.2007042253521127,0.0880281690140845,0.035211267605633804,0.06338028169014084,0.25704225352112675,0.0035211267605633804,0.04225352112676056,,0.01056338028169014,,,,
144,tlg0614.tlg001,Babrius - 16) The Disappointed Wolf,0.9577981651376147,0.7391304347826086,0.635593220338983,118,7.375,3.864406779661017,0.211864406779661,0.03389830508474576,0.11016949152542373,0.1271186440677966,0.09322033898305085,0.00847457627118644,0.06779661016949153,0.2711864406779661,,0.0423728813559322,,0.025423728813559324,,,,0.00847457627118644
145,tlg0614.tlg001,Babrius - 113) Enemy Infiltration,0.945,0.74,0.7551020408163265,49,6.125,3.9183673469387754,0.1836734693877551,0.10204081632653061,0.08163265306122448,0.16326530612244897,0.061224489795918366,0.04081632653061224,0.10204081632653061,0.24489795918367346,,,,0.02040816326530612,,,,
146,tlg0614.tlg001,Babrius - 129) Failure to Qualify as a Household Pet,0.9214611872146119,0.726145251396648,0.5921052631578947,228,9.12,3.824561403508772,0.17105263157894737,0.017543859649122806,0.07017543859649122,0.16228070175438597,0.11842105263157894,0.03508771929824561,0.03070175438596491,0.2982456140350877,,0.02631578947368421,,0.013157894736842105,,,,0.05701754385964912
147,tlg0614.tlg001,Babrius - 100) Freedom Preferred to Security,0.9576923076923076,0.6712500000000001,0.6017699115044248,113,5.947368421052632,3.672566371681416,0.168141592920354,0.07079646017699115,0.13274336283185842,0.1592920353982301,0.09734513274336283,,0.07079646017699115,0.26548672566371684,,0.02654867256637168,,0.008849557522123894,,,,
148,tlg0614.tlg001,Babrius - 15) The Athenian and the Theban,0.96015625,0.7220454545454545,0.6058394160583942,137,9.133333333333333,3.8248175182481754,0.15328467153284672,0.0072992700729927005,0.08759124087591241,0.20437956204379562,0.08759124087591241,0.0364963503649635,0.051094890510948905,0.291970802919708,0.0072992700729927005,0.029197080291970802,,0.014598540145985401,,,,0.029197080291970802
149,tlg0614.tlg001,Babrius - 80) Dancing is Not for the Camel,0.9727272727272727,0.7950000000000002,0.7924528301886793,53,7.571428571428571,4.037735849056604,0.16981132075471697,0.03773584905660377,0.05660377358490566,0.18867924528301888,0.03773584905660377,0.1509433962264151,0.07547169811320754,0.24528301886792453,,0.018867924528301886,,,,,,0.018867924528301886
150,tlg0614.tlg001,Babrius - 111) A Backfiring Stratagem,0.9375757575757577,0.68304,0.5287356321839081,174,9.666666666666666,4.068965517241379,0.1896551724137931,0.028735632183908046,0.09195402298850575,0.15517241379310345,0.06896551724137931,0.034482758620689655,0.09195402298850575,0.28160919540229884,0.005747126436781609,0.034482758620689655,,0.017241379310344827,,,,
151,tlg0614.tlg001,Babrius - 27) The Unappreciated Weasel,0.9549295774647889,0.753548387096774,0.6875,80,10.0,3.8125,0.175,0.05,0.1625,0.1125,0.0875,0.025,0.05,0.275,0.0125,0.05,,,,,,
152,tlg0614.tlg001,Babrius - 35) Coddled to Death,0.9660377358490566,0.7538461538461539,0.7258064516129032,62,12.4,4.064516129032258,0.12903225806451613,0.06451612903225806,0.0967741935483871,0.14516129032258066,0.14516129032258066,0.016129032258064516,0.016129032258064516,0.2903225806451613,0.03225806451612903,0.04838709677419355,0.016129032258064516,,,,,
153,tlg0614.tlg001,Babrius - 48) Unwelcome Attentions,0.9440476190476194,0.6954545454545454,0.6666666666666666,93,11.625,3.89247311827957,0.1827956989247312,0.053763440860215055,0.08602150537634409,0.10752688172043011,0.11827956989247312,0.010752688172043012,0.043010752688172046,0.3118279569892473,0.010752688172043012,0.053763440860215055,,0.021505376344086023,,,,
154,tlg0614.tlg001,Babrius - 6) The Fisherman and the Little Fish,0.9534351145038168,0.7824175824175824,0.6785714285714286,140,7.0,3.8214285714285716,0.15714285714285714,0.07142857142857142,0.09285714285714286,0.12857142857142856,0.12142857142857143,0.02142857142857143,0.04285714285714286,0.3,0.014285714285714285,0.02142857142857143,,0.014285714285714285,,,,0.014285714285714285
155,tlg0614.tlg001,Babrius - 116) A Domestic Triangle,0.961788617886179,0.7527710843373494,0.6515151515151515,132,8.25,3.962121212121212,0.18181818181818182,0.06818181818181818,0.12878787878787878,0.13636363636363635,0.08333333333333333,0.022727272727272728,0.05303030303030303,0.2878787878787879,0.007575757575757576,0.022727272727272728,,0.007575757575757576,,,,
156,tlg0614.tlg001,Babrius - 79) The Dog and his Shadow,0.9285714285714286,0.67875,0.7076923076923077,65,9.285714285714286,4.0,0.15384615384615385,0.03076923076923077,0.046153846153846156,0.2153846153846154,0.09230769230769231,0.03076923076923077,0.09230769230769231,0.3230769230769231,,0.015384615384615385,,,,,,
157,tlg0007.tlg121,Plutarch - Renting the Ass or its Shadow (Lives of the Ten Orators (Moralia 848A-B)),0.9371428571428572,0.6698461538461539,0.5350877192982456,114,12.666666666666666,4.350877192982456,0.23684210526315788,0.02631578947368421,0.08771929824561403,0.16666666666666666,0.03508771929824561,0.05263157894736842,0.09649122807017543,0.2543859649122807,,0.043859649122807015,,,,,,
